profile_id,hardware,flow_steps,latency_ms,process_mean_0_ms,process_mean_1_ms,process_mean_2_ms,torch_version,snapshot_file,snapshot_sha256
local_ada,RTX 6000 Ada,1,1.3725085882470012,1.3309948099777102,1.6871224762871861,1.3725085882470012,2.9.1+cu128,local_ada-flow-step-latency-snapshot.json,aec31b30b784f9339d5e9375bc6d8c33e6038a3863d842f90d5688d5f630ab75
local_ada,RTX 6000 Ada,2,2.6047966722398996,2.5800195150077343,2.6438275072723627,2.6047966722398996,2.9.1+cu128,local_ada-flow-step-latency-snapshot.json,aec31b30b784f9339d5e9375bc6d8c33e6038a3863d842f90d5688d5f630ab75
local_ada,RTX 6000 Ada,3,4.040798852220178,3.876738133840263,4.040798852220178,4.3020365526899695,2.9.1+cu128,local_ada-flow-step-latency-snapshot.json,aec31b30b784f9339d5e9375bc6d8c33e6038a3863d842f90d5688d5f630ab75
local_ada,RTX 6000 Ada,4,5.127009400166571,5.122844995930791,5.127009400166571,5.373168927617371,2.9.1+cu128,local_ada-flow-step-latency-snapshot.json,aec31b30b784f9339d5e9375bc6d8c33e6038a3863d842f90d5688d5f630ab75
local_ada,RTX 6000 Ada,5,6.897691651247442,6.897691651247442,6.427325131371617,7.187114735133946,2.9.1+cu128,local_ada-flow-step-latency-snapshot.json,aec31b30b784f9339d5e9375bc6d8c33e6038a3863d842f90d5688d5f630ab75
rtx3090,RTX 3090,1,1.852835319004953,1.8607919104397297,1.852835319004953,1.793600949458778,2.5.0+cu124,rtx3090-flow-step-latency-snapshot.json,3b4c1ba05e143de001a691846378c17baf064e4cede72769a86250fd40aca9c2
rtx3090,RTX 3090,2,3.5383391892537475,3.5111460089683533,3.5870452038943768,3.5383391892537475,2.5.0+cu124,rtx3090-flow-step-latency-snapshot.json,3b4c1ba05e143de001a691846378c17baf064e4cede72769a86250fd40aca9c2
rtx3090,RTX 3090,3,5.2316786628216505,5.2108232118189335,5.2913277968764305,5.2316786628216505,2.5.0+cu124,rtx3090-flow-step-latency-snapshot.json,3b4c1ba05e143de001a691846378c17baf064e4cede72769a86250fd40aca9c2
rtx3090,RTX 3090,4,7.073895633220673,7.115439283661544,7.003705212846398,7.073895633220673,2.5.0+cu124,rtx3090-flow-step-latency-snapshot.json,3b4c1ba05e143de001a691846378c17baf064e4cede72769a86250fd40aca9c2
rtx3090,RTX 3090,5,8.805828033946455,8.84565593674779,8.706201873719692,8.805828033946455,2.5.0+cu124,rtx3090-flow-step-latency-snapshot.json,3b4c1ba05e143de001a691846378c17baf064e4cede72769a86250fd40aca9c2
agx15,AGX Orin 15W,1,11.349003789837298,11.547215635073371,11.294054190148017,11.349003789837298,2.3.0,agx15-flow-step-latency-snapshot.json,367eec0784c9684b180a12629583ef35c34673b3d183cfc15e8d6e7240ba6887
agx15,AGX Orin 15W,2,22.74439924982289,22.91072387506574,21.904781745070068,22.74439924982289,2.3.0,agx15-flow-step-latency-snapshot.json,367eec0784c9684b180a12629583ef35c34673b3d183cfc15e8d6e7240ba6887
agx15,AGX Orin 15W,3,32.68194838001364,32.50917669476621,32.68194838001364,35.52668683001684,2.3.0,agx15-flow-step-latency-snapshot.json,367eec0784c9684b180a12629583ef35c34673b3d183cfc15e8d6e7240ba6887
agx15,AGX Orin 15W,4,46.159471410319384,46.698595365014626,46.159471410319384,45.14392992994544,2.3.0,agx15-flow-step-latency-snapshot.json,367eec0784c9684b180a12629583ef35c34673b3d183cfc15e8d6e7240ba6887
agx15,AGX Orin 15W,5,57.634071625143406,57.912466664965905,56.424079135176726,57.634071625143406,2.3.0,agx15-flow-step-latency-snapshot.json,367eec0784c9684b180a12629583ef35c34673b3d183cfc15e8d6e7240ba6887
agx30,AGX Orin 30W,1,7.4646367250004175,7.4646367250004175,7.640292550002243,7.183733544998887,2.3.0,agx30-flow-step-latency-snapshot.json,0ba706ef031f90a4702c87b69a9b9f286329e1fdb57bbc1df6790e3d5cdba88b
agx30,AGX Orin 30W,2,14.343303015000117,14.343303015000117,14.404292315000903,14.281964854999103,2.3.0,agx30-flow-step-latency-snapshot.json,0ba706ef031f90a4702c87b69a9b9f286329e1fdb57bbc1df6790e3d5cdba88b
agx30,AGX Orin 30W,3,21.93802344499943,21.93802344499943,22.69370784999779,21.737803524998895,2.3.0,agx30-flow-step-latency-snapshot.json,0ba706ef031f90a4702c87b69a9b9f286329e1fdb57bbc1df6790e3d5cdba88b
agx30,AGX Orin 30W,4,29.532306699999822,29.532306699999822,29.874462329999574,27.919666735001556,2.3.0,agx30-flow-step-latency-snapshot.json,0ba706ef031f90a4702c87b69a9b9f286329e1fdb57bbc1df6790e3d5cdba88b
agx30,AGX Orin 30W,5,36.73762301000181,36.311857610002676,36.73762301000181,37.33227954000142,2.3.0,agx30-flow-step-latency-snapshot.json,0ba706ef031f90a4702c87b69a9b9f286329e1fdb57bbc1df6790e3d5cdba88b
