t,x,y,z
0.00,0.000000000000,0.000000000000,0.200000000000
0.02,0.000004878586,0.000002644545,0.200003057222
0.04,0.000033365111,0.000015026190,0.200018637000
0.06,0.000097992674,0.000041671454,0.200060354778
0.08,0.000225946165,0.000110389452,0.200157804517
0.10,0.000463250000,0.000236920146,0.200299696468
0.12,0.000821499505,0.000381724344,0.200476107066
0.14,0.001259944307,0.000546098838,0.200766923015
0.16,0.001773751765,0.000829126948,0.201174203622
0.18,0.002462485290,0.001247799256,0.201587462434
0.20,0.003424000000,0.001658230313,0.202095834893
0.22,0.004593319678,0.002041959963,0.202848338671
0.24,0.005807213802,0.002623925220,0.203656528960
0.26,0.007070741041,0.003460292776,0.204418518337
0.28,0.008627702621,0.004255404750,0.205459283215
0.30,0.010644750000,0.004913461262,0.206774783526
0.32,0.012924225716,0.005819689628,0.207946430586
0.34,0.015133814454,0.007143455769,0.209171347801
0.36,0.017314177088,0.008420603362,0.210890139577
0.38,0.019910529129,0.009391220414,0.212658221814
0.40,0.023168000000,0.010594649914,0.214115842664
0.42,0.026712593429,0.012405891036,0.215936269937
0.44,0.030012334320,0.014222208570,0.218238544034
0.46,0.033165204207,0.015525767848,0.220144966167
0.48,0.036854800168,0.016952937576,0.221842277526
0.50,0.041406250000,0.019170121849,0.224220441656
0.52,0.046242357165,0.021516774641,0.226641470649
0.54,0.050620004819,0.023143305471,0.228288222653
0.56,0.054710165707,0.024678345838,0.230139591657
0.58,0.059448028433,0.027132771369,0.232632552152
0.60,0.065232000000,0.029910593167,0.234412370764
0.62,0.071274318125,0.031801608285,0.235445093851
0.64,0.076629529700,0.033290967416,0.237133172357
0.66,0.081549757841,0.035734112831,0.238852806971
0.68,0.087210012719,0.038742470111,0.239226701864
0.70,0.094067750000,0.040777669579,0.239373440037
0.72,0.101137563618,0.042041174105,0.240236014782
0.74,0.107299965653,0.044170987039,0.240161093716
0.76,0.112888149190,0.047120843750,0.238718003873
0.78,0.119281418682,0.049120844199,0.237762354545
0.80,0.126976000000,0.049974152065,0.236978477185
0.82,0.134820858286,0.051481883818,0.234516980335
0.84,0.141567568378,0.054037643732,0.231419516778
0.86,0.147622151695,0.055788692189,0.229222473263
0.88,0.154512470509,0.056077156022,0.226295656650
0.90,0.162749250000,0.056708179863,0.221748383534
0.92,0.171063871162,0.058552046600,0.217683785690
0.94,0.178136521286,0.059848927621,0.214314989758
0.96,0.184430524499,0.059485121462,0.209548047523
0.98,0.191551881590,0.059098358450,0.204111457265
1.00,0.200000000000,0.060000000000,0.200000000000
1.02,0.208448118410,0.060693625713,0.195888542735
1.04,0.215569475501,0.059684864004,0.190451952477
1.06,0.221863478714,0.058291187226,0.185685010242
1.08,0.228936128838,0.058160393220,0.182316214310
1.10,0.237250750000,0.058192631874,0.178251616466
1.12,0.245487529491,0.056645474506,0.173704343350
1.14,0.252377848305,0.054409860951,0.170777526737
1.16,0.258432431622,0.053314509623,0.168580483222
1.18,0.265179141714,0.052727657875,0.165483019665
1.20,0.273024000000,0.050824802873,0.163021522815
1.22,0.280718581318,0.048029481079,0.162237645455
1.24,0.287111850810,0.046173995374,0.161281996127
1.26,0.292700034347,0.045093508516,0.159838906284
1.28,0.298862436382,0.043050499600,0.159763985218
1.30,0.305932250000,0.040031048175,0.160626559963
1.32,0.312789987281,0.037705076950,0.160773298136
1.34,0.318450242159,0.036305185052,0.161147193029
1.36,0.323370470300,0.034323034355,0.162866827643
1.38,0.328725681875,0.031398696094,0.164554906149
1.40,0.334768000000,0.028914633853,0.165587629236
1.42,0.340551971567,0.027381200607,0.167367447848
1.44,0.345289834293,0.025611425459,0.169860408343
1.46,0.349379995181,0.023030472148,0.171711777347
1.48,0.353757642835,0.020668219965,0.173358529351
1.50,0.358593750000,0.019170121849,0.175779558344
1.52,0.363145199832,0.017701225665,0.178157722474
1.54,0.366834795793,0.015613467699,0.179855033833
1.56,0.369987665680,0.013583628591,0.181761455966
1.58,0.373287406571,0.012256416455,0.184063730063
1.60,0.376832000000,0.011120381026,0.185884157336
1.62,0.380089470871,0.009577307507,0.187341778186
1.64,0.382685822912,0.008004947018,0.189109860423
1.66,0.384866185546,0.006943722112,0.190828652199
1.68,0.387075774284,0.006133221147,0.192053569414
1.70,0.389355250000,0.005107296261,0.193225216474
1.72,0.391372297379,0.004031909057,0.194540716785
1.74,0.392929258959,0.003287538883,0.195581481663
1.76,0.394192786198,0.002772352213,0.196343471040
1.78,0.395406680322,0.002183418031,0.197151661329
1.80,0.396576000000,0.001568424718,0.197904165107
1.82,0.397537514710,0.001142648632,0.198412537566
1.84,0.398226248235,0.000876798717,0.198825796378
1.86,0.398740055693,0.000614990884,0.199233076985
1.88,0.399178500495,0.000361043545,0.199523892934
1.90,0.399536750000,0.000199681730,0.199700303532
1.92,0.399774053835,0.000116639892,0.199842195483
1.94,0.399902007326,0.000055590660,0.199939645222
1.96,0.399966634889,0.000014235558,0.199981363000
1.98,0.399995121414,0.000001069043,0.199996942778
2.00,0.400000000000,0.000000000000,0.200000000000
